{
    "version": 1,
    "author": "Rizky Angga Saputra",
    "editor": "wokwi",
    "parts": [
      { "type": "board-esp32-devkit-c-v4", "id": "esp", "top": 0, "left": 0, "attrs": {} },
      { "type": "wokwi-relay-module", "id": "relay1", "top": -76.6, "left": 249.6, "attrs": {} },
      {
        "type": "wokwi-pushbutton",
        "id": "btn1",
        "top": 54.2,
        "left": 268.8,
        "attrs": { "color": "green", "xray": "1" }
      },
      {
        "type": "wokwi-led",
        "id": "led1",
        "top": 130.8,
        "left": 157.4,
        "attrs": { "color": "red" }
      }
    ],
    "connections": [
      [ "esp:TX", "$serialMonitor:RX", "", [] ],
      [ "esp:RX", "$serialMonitor:TX", "", [] ],
      [ "relay1:VCC", "esp:3V3", "red", [ "h0" ] ],
      [ "relay1:GND", "esp:GND.2", "black", [ "h0" ] ],
      [ "relay1:IN", "esp:23", "green", [ "h-115.2", "v76.6" ] ],
      [ "btn1:2.l", "esp:GND.2", "green", [ "v0.2", "h-124.8", "v-57.6" ] ],
      [ "btn1:1.l", "esp:19", "green", [ "h-134.4", "v28.8" ] ],
      [ "led1:A", "esp:18", "green", [ "h28.8", "v-67.2" ] ],
      [ "led1:C", "esp:GND.2", "green", [ "h-9.2", "v-144" ] ]
    ],
    "dependencies": {}
  }