{
  "version": 1,
  "author": "Rizky Angga Saputra",
  "editor": "wokwi",
  "parts": [
    { "type": "board-esp32-devkit-c-v4", "id": "esp", "top": 0, "left": 0, "attrs": {} },
    { "type": "wokwi-led", "id": "led1", "top": -42, "left": -101.8, "attrs": { "color": "red" } },
    { "type": "wokwi-led", "id": "led2", "top": -42, "left": -169, "attrs": { "color": "blue" } }
  ],
  "connections": [
    [ "esp:TX", "$serialMonitor:RX", "", [] ],
    [ "esp:RX", "$serialMonitor:TX", "", [] ],
    [ "led1:A", "esp:26", "green", [ "v0" ] ],
    [ "led1:C", "esp:GND.1", "green", [ "v0" ] ],
    [ "led2:A", "esp:33", "green", [ "v0" ] ],
    [ "led2:C", "esp:GND.1", "green", [ "v0" ] ]
  ],
  "dependencies": {}
}